Index	Label
0	*dt_Adventure
1	*dt_Action
2	*dt_Drama
3	*dt_Sci-Fi
4	*dt_War
5	*dt_Childrens
6	*dt_Romance
7	*dt_Comedy
8	*dt_Western
9	*dt_Thriller
10	*dt_Crime
11	*dt_Fantasy
12	*dt_Animation
13	*dt_Musical
14	*dt_Mystery
15	*dt_Horror
16	*dt_Documentary
17	*dt_Film-Noir
18	u4169
19	u1680
20	u4277
21	u1941
22	u889
23	u1181
24	u3618
25	u2063
26	u4510
27	u2909
28	u5795
29	u1980
30	u4344
31	u4508
32	u3841
33	u4227
34	u1015
35	u5831
36	u1449
37	u424
38	u5367
39	u1150
40	u3391
41	u1088
42	u549
43	u3808
44	u4725
45	u550
46	u4448
47	u3539
48	u3224
49	u1285
50	u3824
51	u3032
52	u5643
53	u5954
54	u678
55	u1010
56	u3526
57	u1447
58	u4447
59	u524
60	u1880
61	u4543
62	u4064
63	u2116
64	u4808
65	u1448
66	u2181
67	u752
68	u3778
69	u2015
70	u881
71	u1647
72	u1676
73	u2304
74	u3311
75	u4425
76	u3507
77	u1605
78	u1698
79	u5026
80	u3675
81	u4386
82	u4979
83	u710
84	u3292
85	u4312
86	u2529
87	u6016
88	u4041
89	u869
90	u3163
91	u2106
92	u3626
93	u1912
94	u531
95	u352
96	u1340
97	u3272
98	u2857
99	u5046
100	u2907
101	u3401
102	u6036
103	u1635
104	u4021
105	u5614
106	u3650
107	u1051
108	u1019
109	u5812
110	u5627
111	u3792
112	u1958
113	u5394
114	u2777
115	u195
116	u3067
117	u2820
118	u4238
119	u5256
120	u4083
121	u5636
122	u482
123	u1837
124	u5788
125	u1613
126	u3471
127	u2665
128	u2507
129	u839
130	u245
131	u302
132	u1317
133	u770
134	u4732
135	u4048
136	u2793
137	u509
138	u4085
139	u4647
140	u1733
141	u5100
142	u5333
143	u329
144	u1737
145	u5511
146	u1120
147	u3029
148	u2010
149	u4387
150	u1264
151	u1117
152	u4140
153	u5880
154	u3934
155	u5433
156	u1835
157	u3768
158	u4682
159	u3589
160	u1425
161	u53
162	u4957
163	u5605
164	u5312
165	u1383
166	u3999
167	u1632
168	u3308
169	u1422
170	u1451
171	u1884
172	u1579
173	u2109
174	u5387
175	u1899
176	u3705
177	u3829
178	u1741
179	u216
180	u5074
181	u4728
182	u4482
183	u721
184	u1203
185	u2092
186	u5504
187	u3410
188	u1354
189	u4089
190	u2878
191	u148
192	u4305
193	u5111
194	u543
195	u3610
196	u660
197	u877
198	u3491
199	u1812
200	u1112
201	u202
202	u2012
203	u4186
204	u984
205	u5550
206	u3681
207	u3312
208	u5306
209	u3336
210	u2544
211	u4579
212	u1675
213	u1303
214	u1207
215	u4658
216	u3389
217	u2986
218	u5916
219	u4033
220	u3562
221	u692
222	u4016
223	u1266
224	u1764
225	u48
226	u5220
227	u3884
228	u2077
229	u1943
230	u2962
231	u3942
232	u319
233	u5054
234	u3823
235	u3929
236	u5996
237	u5763
238	u699
239	u5536
240	u2934
241	u3118
242	u5530
243	u1246
244	u5015
245	u3476
246	u731
247	u3483
248	u438
249	u3648
250	u4867
251	u1780
252	u5747
253	u3519
254	u3885
255	u4802
256	u3280
257	u1920
258	u4354
259	u5682
260	u5555
261	u1983
262	u2030
263	u3842
264	u1333
265	u5888
266	u3018
267	u533
268	u2453
269	u1988
270	u5824
271	u780
272	u5759
273	u1496
274	u3285
275	u1298
276	u1470
277	u3821
278	u2887
279	u4411
280	u5011
281	u566
282	u3475
283	u1194
284	u2203
285	u1671
286	u3576
287	u1244
288	u5675
289	u970
290	u5107
291	u3693
292	u5501
293	u1667
294	u149
295	u1748
296	u2073
297	u1377
298	u3182
299	u5886
300	u1068
301	u4007
302	u1889
303	u1611
304	u1125
305	u4054
306	u3265
307	u411
308	u3320
309	u3834
310	u1926
311	u3724
312	u5359
313	u1501
314	u192
315	u117
316	u4115
317	u1465
318	u2402
319	u3189
320	u123
321	u2124
322	u1274
323	u5113
324	u2761
325	u5686
326	u1897
327	u5684
328	u4285
329	u4578
330	u855
331	u4345
332	u3261
333	u4591
334	u5738
335	u5268
336	u1969
337	u5837
338	u331
339	u528
340	u1599
341	u1727
342	u3836
343	u308
344	u1101
345	u1202
346	u911
347	u1004
348	u4271
349	u1069
350	u5878
351	u3683
352	u948
353	u163
354	u4028
355	u5964
356	u2223
357	u2457
358	u2288
359	u2484
360	u272
361	u2041
362	u3462
363	u4279
364	u2638
365	u802
366	u2946
367	u2180
368	u2996
369	u3916
370	u1050
371	u4673
372	u169
373	u777
374	u1778
375	u3892
376	u1639
377	u461
378	u4472
379	u1224
380	u2088
381	u3945
382	u4715
383	u2105
384	u5163
385	u4819
386	u2537
387	u264
388	u3503
389	u3416
390	u284
391	u1587
392	u6000
393	u3313
394	u173
395	u854
396	u4058
397	u1100
398	u5787
399	u1137
400	u3992
401	u1851
402	u3807
403	u2967
404	u1242
405	u1974
406	u2164
407	u3771
408	u5493
409	u3499
410	u151
411	u4879
412	u3108
413	u1284
414	u4335
415	u1701
416	u1297
417	u1749
418	u3080
419	u4506
420	u3425
421	u651
422	u4352
423	u4607
424	u4053
425	u1726
426	u4318
427	u1757
428	u4167
429	u476
430	u204
431	u1260
432	u757
433	u4497
434	u1306
435	u58
436	u5317
437	u1968
438	u1356
439	u1645
440	u2102
441	u92
442	u796
443	u2895
444	u5522
445	u2205
446	u2496
447	u1489
448	u4022
449	u3620
450	u5329
451	u4489
452	u850
453	u2244
454	u3878
455	u716
456	u4388
457	u934
458	u3031
459	u3013
460	u3054
461	u3191
462	u765
463	u4042
464	u3469
465	u1962
466	u4408
467	u4381
468	u1584
469	u1752
470	u3847
471	u3940
472	u4161
473	u1922
474	u5070
475	u1712
476	u746
477	u702
478	u1017
479	u2627
480	u3825
481	u5978
482	u2753
483	u1059
484	u3129
485	u62
486	u392
487	u2592
488	u1794
489	u5689
490	u2172
491	u817
492	u714
493	u4156
494	u2376
495	u2796
496	u4523
497	u1586
498	u1141
499	u4446
500	u5755
501	u2020
502	u3641
503	u3963
504	u1861
505	u157
506	u2899
507	u5621
508	u4958
509	u5744
510	u639
511	u3518
512	u4948
513	u3590
514	u3371
515	u5443
516	u5289
517	u2383
518	u999
519	u4897
520	u1628
521	u225
522	u412
523	u4823
524	u2419
525	u749
526	u563
527	u949
528	u4480
529	u4884
530	u199
531	u4950
532	u1389
533	u963
534	u2038
535	u3259
536	u1128
537	u3081
538	u4213
539	u355
540	u1369
541	u3512
542	u5539
543	u4049
544	u1694
545	u2995
546	u3669
547	u669
548	u2860
549	u4771
550	u5172
551	u3967
552	u2941
553	u1883
554	u3509
555	u3751
556	u3756
557	u3727
558	u3729
559	u975
560	u2810
561	u5131
562	u4490
563	u3569
564	u5271
565	u1119
566	u5523
567	u3180
568	u146
569	u4478
570	u5955
571	u1842
572	u2643
573	u4055
574	u2888
575	u5005
576	u3051
577	u1426
578	u2436
579	u1329
580	u4422
581	u2231
582	u3716
583	u2847
584	u5854
585	u4904
586	u3900
587	u696
588	u2928
589	u3546
590	u10
591	u198
592	u4079
593	u5568
594	u2743
595	u2994
596	u735
597	u3201
598	u4786
599	u588
600	u5153
601	u3621
602	u2258
603	u442
604	u1624
605	u5319
606	u3762
607	u2446
608	u5090
609	u4784
610	u5848
611	u1172
612	u166
613	u4964
614	u1776
615	u1904
616	u3380
617	u1087
618	u2098
619	u235
620	u5000
621	u2611
622	u2748
623	u4708
624	u5543
625	u3715
626	u2225
627	u3327
628	u5720
629	u2841
630	u4126
631	u3624
632	u4458
633	u1717
634	u2340
635	u5972
636	u4887
637	u3679
638	u4322
639	u5950
640	u4258
641	u1530
642	u935
643	u1746
644	u2489
645	u2018
646	u3769
647	u4535
648	u1058
649	u4517
650	u5779
651	u4473
652	u5397
653	u2872
654	u453
655	u3208
656	u1146
657	u1666
658	u36
659	u1658
660	u1124
661	u5847
662	u4183
663	u3557
664	u3713
665	u3726
666	u1164
667	u3690
668	u2380
669	u4585
670	u5205
671	u1600
672	u2567
673	u3957
674	u4150
675	u5249
676	u1322
677	u4217
678	u5468
679	u4626
680	u1182
681	u2456
682	u4107
683	u1758
684	u338
685	u5717
686	u1053
687	u3411
688	u5749
689	u4379
690	u5428
691	u2054
692	u1211
693	u4116
694	u4704
695	u4637
696	u791
697	u5077
698	u2279
699	u3422
700	u4488
701	u5767
702	u2854
703	u637
704	u18
705	u2237
706	u3300
707	u2188
708	u5142
709	u2186
710	u5482
711	u3365
712	u26
713	u624
714	u6007
715	u2929
716	u1243
717	u2840
718	u4287
719	u2624
720	u4088
721	u136
722	u655
723	u2251
724	u5580
725	u2581
726	u5458
727	u3414
728	u2232
729	u1875
730	u929
731	u3012
732	u5103
733	u3430
734	u3746
735	u4611
736	u2242
737	u429
738	u1609
739	u4655
740	u1755
741	u955
742	u937
743	u5161
744	u326
745	u3853
746	u3859
747	u5112
748	u4303
749	u601
750	u4261
751	u2918
752	u5140
753	u5345
754	u676
755	u5492
756	u3454
757	u23
758	u922
759	u4653
760	u5039
761	u301
762	u5364
763	u2664
764	u1836
765	u3760
766	u4796
767	u1556
768	u4663
769	u5475
770	u2583
771	u5519
772	u5567
773	u2411
774	u5472
775	u687
776	u5961
777	u3579
778	u3603
779	u2679
780	u4086
781	u2590
782	u3600
783	u2153
784	u5754
785	u5108
786	u33
787	u2454
788	u1696
789	u3850
790	u5283
791	u1790
792	u2016
793	u271
794	u3521
795	u4250
796	u744
797	u1685
798	u3125
799	u4816
800	u1151
801	u798
802	u4675
803	u1418
804	u5570
805	u3997
806	u1998
807	u3140
808	u4001
809	u3026
810	u261
811	u5556
812	u2131
813	u4224
814	u1140
815	u4972
816	u4404
817	u3314
818	u3227
819	u3001
820	u3993
821	u5042
822	u4406
823	u2576
824	u712
825	u4748
826	u5650
827	u2752
828	u5576
829	u2129
830	u187
831	u6010
832	u5948
833	u2271
834	u3550
835	u4260
836	u5698
837	u3464
838	u5634
839	u673
840	u3773
841	u4829
842	u3592
843	u1395
844	u3217
845	u3423
846	u1820
847	u5664
848	u1687
849	u3654
850	u3205
851	u1034
852	u2621
853	u5728
854	u1546
855	u996
856	u1592
857	u604
858	u3887
859	u3017
860	u2737
861	u4112
862	u3441
863	u3833
864	u4790
865	u1860
866	u2896
867	u5277
868	u1509
869	u1301
870	u3110
871	u3695
872	u1930
873	u4122
874	u2156
875	u520
876	u4736
877	u5841
878	u2771
879	u4470
880	u2504
881	u1542
882	u3780
883	u899
884	u1265
885	u1697
886	u2926
887	u4788
888	u5047
889	u4635
890	u3394
891	u1916
892	u2900
893	u3691
894	u4995
895	u3971
896	u3216
897	u4666
898	u1325
899	u3271
900	u1279
901	u5852
902	u3547
903	u2764
904	u5699
905	u2100
906	u343
907	u4328
908	u3056
909	u5156
910	u3055
911	u1925
912	u3101
913	u3513
914	u5282
915	u3087
916	u587
917	u3652
918	u3816
919	u5762
920	u516
921	u5667
922	u3196
923	u22
924	u181
925	u1001
926	u1891
927	u4124
928	u6002
929	u5450
930	u4139
931	u2776
932	u3082
933	u1086
934	u368
935	u5065
936	u919
937	u445
938	u1404
939	u3128
940	u1699
941	u5558
942	u3717
943	u1380
944	u5222
945	u4918
946	u1173
947	u5874
948	u2445
949	u2303
950	u3393
951	u5890
952	u1184
953	u1591
954	u4253
955	u2264
956	u4524
957	u5615
958	u2566
959	u1793
960	u2168
961	u822
962	u3607
963	u4942
964	u1767
965	u1902
966	u3910
967	u2334
968	u1803
969	u474
970	u3965
971	u1483
972	u5250
973	u3158
974	u5091
975	u3453
976	u5412
977	u4789
978	u5722
979	u5915
980	u5448
981	u4502
982	u4062
983	u631
984	u1420
985	u3309
986	u5786
987	u3651
988	u3558
989	u1272
990	u2807
991	u1399
992	u4520
993	u4932
994	u646
995	u2786
996	u1273
997	u4310
998	u2023
999	u698
1000	u1937
1001	u1434
1002	u5811
1003	u73
1004	u2042
1005	u3487
1006	u4026
1007	u3044
1008	u2293
1009	u4193
1010	u1616
1011	u3367
1012	u1113
1013	u3998
1014	u4375
1015	u5182
1016	u3412
1017	u3709
1018	u1984
1019	u1753
1020	u4785
1021	u3946
1022	u2756
1023	u1800
1024	u5794
1025	u4390
1026	u1358
1027	u3402
1028	u4747
1029	u3770
1030	u2818
1031	u2195
1032	u4888
1033	u3578
1034	u5365
1035	u5269
1036	u1457
1037	u5426
1038	u93
1039	u800
1040	u4837
1041	u1714
1042	u1472
1043	u1390
1044	u4505
1045	u175
1046	u4765
1047	u6035
1048	u5575
1049	u2599
1050	u5452
1051	u4096
1052	u6040
1053	u5645
1054	u3868
1055	u4268
1056	u45
1057	u2880
1058	u5663
1059	u3283
1060	u1466
1061	u2700
1062	u5273
1063	u4928
1064	u5321
1065	u5002
1066	u1484
1067	u1193
1068	u2629
1069	u2462
1070	u5956
1071	u1299
1072	u475
1073	u2641
1074	u1473
1075	u4981
1076	u2565
1077	u5654
1078	u1230
1079	u2148
1080	u4834
1081	u713
1082	u629
1083	u5917
1084	u4951
1085	u1502
1086	u2913
1087	u971
1088	u5418
1089	u5957
1090	u5084
1091	u5087
1092	u1879
1093	u5371
1094	u3121
1095	u824
1096	u5765
1097	u5512
1098	u5083
1099	u1693
1100	u4373
1101	u4889
1102	u5526
1103	u4726
1104	u556
1105	u3209
1106	u2056
1107	u1505
1108	u2683
1109	u403
1110	u3353
1111	u5350
1112	u3065
1113	u4560
1114	u1219
1115	u42
1116	u4060
1117	u2645
1118	u5780
1119	u2265
1120	u1130
1121	u1865
1122	u4933
1123	u4946
1124	u2478
1125	u242
1126	u1516
1127	u4077
1128	u1121
1129	u3685
1130	u4568
1131	u4800
1132	u1503
1133	u1147
1134	u3951
1135	u957
1136	u4507
1137	u6025
1138	u2848
1139	u2185
1140	u2051
1141	u4562
1142	u2047
1143	u3529
1144	u5553
1145	u2125
1146	u1524
1147	u5872
1148	u2090
1149	u3665
1150	u402
1151	u4009
1152	u2389
1153	u2167
1154	u5453
1155	u3688
1156	u4906
1157	u223
1158	u139
1159	u1077
1160	u2837
1161	u3299
1162	u1939
1163	u3953
1164	u5376
1165	u5035
1166	u5347
1167	u5585
1168	u4384
1169	u19
1170	u2774
1171	u4609
1172	u2071
1173	u3658
1174	u346
1175	u2990
1176	u4291
1177	u808
1178	u409
1179	u5390
1180	u5881
1181	u2145
1182	u3024
1183	u4362
1184	u3754
1185	u2781
1186	u1343
1187	u1179
1188	u6003
1189	u5053
1190	u349
1191	u801
1192	u131
1193	u415
1194	u5771
1195	u1096
1196	u4451
1197	u1314
1198	u2670
1199	u846
1200	u720
1201	u3274
1202	u3735
1203	u2263
1204	u4680
1205	u2506
1206	u5300
1207	u4094
1208	u3931
1209	u1392
1210	u2378
1211	u4750
1212	u4006
1213	u4215
1214	u3356
1215	u5809
1216	u5096
1217	u321
1218	u2472
1219	u426
1220	u4013
1221	u2211
1222	u3976
1223	u1311
1224	u3075
1225	u4360
1226	u1142
1227	u4810
1228	u4869
1229	u4298
1230	u1335
1231	u5604
1232	u3400
1233	u3242
1234	u454
1235	u4141
1236	u5488
1237	u5239
1238	u118
1239	u3970
1240	u4356
1241	u5305
1242	u4265
1243	u570
1244	u5198
1245	u5265
1246	u2064
1247	u5517
1248	u4484
1249	u2173
1250	u1695
1251	u5623
1252	u1617
1253	u890
1254	u477
1255	u5184
1256	u2873
1257	u300
1258	u558
1259	u3378
1260	u6001
1261	u5185
1262	u5908
1263	u314
1264	u4430
1265	u3178
1266	u1263
1267	u1759
1268	u3985
1269	u1029
1270	u3588
1271	u268
1272	u4437
1273	u2731
1274	u3243
1275	u3358
1276	u4418
1277	u3643
1278	u5281
1279	u293
1280	u2526
1281	u2011
1282	u255
1283	u3961
1284	u366
1285	u3301
1286	u1552
1287	u4521
1288	u4204
1289	u774
1290	u781
1291	u5178
1292	u1228
1293	u3007
1294	u2824
1295	u2691
1296	u2110
1297	u5630
1298	u4600
1299	u4940
1300	u3718
1301	u4742
1302	u4593
1303	u536
1304	u2060
1305	u3328
1306	u3520
1307	u4592
1308	u5595
1309	u2634
1310	u2165
1311	u161
1312	u4364
1313	u5981
1314	u5862
1315	u1641
1316	u891
1317	u5843
1318	u1643
1319	u1626
1320	u1387
1321	u2323
1322	u4953
1323	u337
1324	u4005
1325	u4207
1326	u2745
1327	u5838
1328	u5323
1329	u4801
1330	u4337
1331	u4531
1332	u398
1333	u3096
1334	u5990
1335	u3490
1336	u904
1337	u5001
1338	u840
1339	u788
1340	u3363
1341	u977
1342	u1362
1343	u2059
1344	u5600
1345	u3511
1346	u5124
1347	u1601
1348	u17
1349	u4072
1350	u1938
1351	u5599
1352	u2085
1353	u4917
1354	u1291
1355	u1294
1356	u2876
1357	u4078
1358	u5792
1359	u5008
1360	u5723
1361	u5659
1362	u1606
1363	u2465
1364	u2208
1365	u3585
1366	u4269
1367	u2455
1368	u1882
1369	u1631
1370	u1928
1371	u1109
1372	u2985
1373	u310
1374	u3069
1375	u1545
1376	u1218
1377	u1040
1378	u2765
1379	u4342
1380	u4661
1381	u5463
1382	u386
1383	u1221
1384	u2029
1385	u2866
1386	u5677
1387	u3167
1388	u2938
1389	u1491
1390	u2261
1391	u4855
1392	u4865
1393	u5413
1394	u44
1395	u647
1396	u4899
1397	u4302
1398	u1854
1399	u2804
1400	u2466
1401	u2562
1402	u4962
1403	u4117
1404	u2414
1405	u518
1406	u4956
1407	u2024
1408	u4656
1409	u6011
1410	u753
1411	u4791
1412	u2026
1413	u2559
1414	u5369
1415	u5302
1416	u5466
1417	u3260
1418	u2302
1419	u5620
1420	u5922
1421	u1216
1422	u2931
1423	u5679
1424	u1948
1425	u3561
1426	u2072
1427	u147
1428	u1497
1429	u1495
1430	u1890
1431	u1807
1432	u3403
1433	u4457
1434	u3370
1435	u2901
1436	u4351
1437	u4377
1438	u3930
1439	u1170
1440	u3159
1441	u1598
1442	u2177
1443	u5569
1444	u3757
1445	u541
1446	u4556
1447	u5061
1448	u2826
1449	u1367
1450	u1339
1451	u4114
1452	u737
1453	u5120
1454	u3484
1455	u1650
1456	u457
1457	u5018
1458	u5021
1459	u137
1460	u3281
1461	u2966
1462	u1391
1463	u5441
1464	u5225
1465	u3612
1466	u4754
1467	u3147
1468	u3599
1469	u2541
1470	u591
1471	u2050
1472	u1952
1473	u134
1474	u2247
1475	u4596
1476	u4220
1477	u2282
1478	u4024
1479	u2868
1480	u4130
1481	u5434
1482	u3112
1483	u4921
1484	u3611
1485	u193
1486	u2338
1487	u2649
1488	u4621
1489	u816
1490	u4491
1491	u5136
1492	u2395
1493	u1168
1494	u75
1495	u5776
1496	u1132
1497	u90
1498	u1135
1499	u4806
1500	u3138
1501	u4333
1502	u5457
1503	u4852
1504	u2166
1505	u1033
1506	u1607
1507	u2215
1508	u3540
1509	u621
1510	u1030
1511	u1597
1512	u2403
1513	u5278
1514	u4738
1515	u5734
1516	u1903
1517	u4705
1518	u5974
1519	u2540
1520	u1155
1521	u1220
1522	u5657
1523	u1806
1524	u981
1525	u5826
1526	u4977
1527	u1996
1528	u2344
1529	u1209
1530	u858
1531	u4815
1532	u4821
1533	u3689
1534	u1490
1535	u3246
1536	u1312
1537	u3346
1538	u3436
1539	u3687
1540	u3827
1541	u2140
1542	u3442
1543	u5565
1544	u3193
1545	u4040
1546	u5483
1547	u4436
1548	u5653
1549	u4824
1550	u4659
1551	u5420
1552	u333
1553	u5337
1554	u4729
1555	u229
1556	u2022
1557	u551
1558	u4699
1559	u2485
1560	u5056
1561	u5404
1562	u273
1563	u1985
1564	u238
1565	u4774
1566	u5716
1567	u546
1568	u4901
1569	u5925
1570	u2668
1571	u5733
1572	u1805
1573	u4671
1574	u3434
1575	u5705
1576	u2684
1577	u3989
1578	u5980
1579	u1057
1580	u5840
1581	u1841
1582	u3902
1583	u4327
1584	u5995
1585	u3630
1586	u5193
1587	u924
1588	u4014
1589	u3994
1590	u4449
1591	u4509
1592	u727
1593	u2676
1594	u1709
1595	u494
1596	u4476
1597	u3418
1598	u4118
1599	u778
1600	u2919
1601	u1873
1602	u5491
1603	u4868
1604	u260
1605	u5085
1606	u4461
1607	u5596
1608	u3732
1609	u1255
1610	u2605
1611	u973
1612	u150
1613	u372
1614	u5158
1615	u3761
1616	u4898
1617	u5099
1618	u695
1619	u3981
1620	u1543
1621	u2348
1622	u5535
1623	u15
1624	u4343
1625	u481
1626	u5260
1627	u4831
1628	u3099
1629	u5761
1630	u5963
1631	u4407
1632	u2681
1633	u953
1634	u4961
1635	u3516
1636	u2259
1637	u4454
1638	u1099
1639	u3420
1640	u5911
1641	u2031
1642	u5352
1643	u3704
1644	u3377
1645	u3591
1646	u2792
1647	u3625
1648	u6018
1649	u3361
1650	u571
1651	u5574
1652	u4433
1653	u5361
1654	u2222
1655	u2122
1656	u5861
1657	u1908
1658	u4153
1659	u3860
1660	u5038
1661	u127
1662	u897
1663	u3504
1664	u5287
1665	u602
1666	u59
1667	u3995
1668	u2175
1669	u508
1670	u5355
1671	u295
1672	u4363
1673	u1716
1674	u5801
1675	u3154
1676	u5649
1677	u5349
1678	u499
1679	u623
1680	u327
1681	u1706
1682	u729
1683	u129
1684	u6037
1685	u1084
1686	u1031
1687	u1722
1688	u3673
1689	u2609
1690	u5234
1691	u224
1692	u4284
1693	u2230
1694	u1802
1695	u1396
1696	u5227
1697	u3151
1698	u5851
1699	u4610
1700	u1267
1701	u2825
1702	u5531
1703	u2772
1704	u4401
1705	u1186
1706	u3474
1707	u4861
1708	u2916
1709	u3615
1710	u5403
1711	u5857
1712	u2740
1713	u2067
1714	u2955
1715	u462
1716	u2620
1717	u208
1718	u5557
1719	u5223
1720	u5593
1721	u5561
1722	u2097
1723	u4281
1724	u1133
1725	u4934
1726	u2255
1727	u5082
1728	u2424
1729	u3672
1730	u4882
1731	u306
1732	u2503
1733	u4512
1734	u4980
1735	u3493
1736	u1268
1737	u5845
1738	u2374
1739	u4566
1740	u2162
1741	u5393
1742	u3143
1743	u3796
1744	u2575
1745	u3333
1746	u4779
1747	u5386
1748	u2680
1749	u2628
1750	u3882
1751	u1655
1752	u2119
1753	u4959
1754	u3678
1755	u1074
1756	u2035
1757	u2889
1758	u4700
1759	u583
1760	u4985
1761	u1206
1762	u4975
1763	u2368
1764	u1413
1765	u2724
1766	u4104
1767	u2438
1768	u3315
1769	u3072
1770	u4965
1771	u5924
1772	u35
1773	u4577
1774	u6023
1775	u654
1776	u5445
1777	u3563
1778	u2750
1779	u2608
1780	u575
1781	u1960
1782	u1152
1783	u1845
1784	u4814
1785	u3712
1786	u4032
1787	u2589
1788	u2969
1789	u4483
1790	u1183
1791	u1442
1792	u1723
1793	u4090
1794	u303
1795	u3622
1796	u5858
1797	u1560
1798	u4522
1799	u5806
1800	u690
1801	u3399
1802	u2219
1803	u3195
1804	u830
1805	u5853
1806	u1261
1807	u3095
1808	u3536
1809	u4234
1810	u3501
1811	u3555
1812	u4329
1813	u985
1814	u2458
1815	u5520
1816	u2890
1817	u3229
1818	u5775
1819	u2114
1820	u4496
1821	u5167
1822	u4640
1823	u1692
1824	u5938
1825	u4018
1826	u5114
1827	u3720
1828	u3390
1829	u4734
1830	u2685
1831	u5680
1832	u4643
1833	u4334
1834	u1736
1835	u5098
1836	u3450
1837	u466
1838	u1593
1839	u5626
1840	u2120
1841	u3864
1842	u1271
1843	u2814
1844	u3958
1845	u818
1846	u3123
1847	u4210
1848	u4854
1849	u456
1850	u390
1851	u1199
1852	u2246
1853	u2233
1854	u3565
1855	u1345
1856	u560
1857	u1870
1858	u2221
1859	u5896
1860	u2353
1861	u3988
1862	u5327
1863	u3745
1864	u5294
1865	u1640
1866	u931
1867	u2309
1868	u3157
1869	u2595
1870	u945
1871	u3804
1872	u4809
1873	u5232
1874	u767
1875	u5389
1876	u928
1877	u335
1878	u3858
1879	u4286
1880	u3045
1881	u3955
1882	u2935
1883	u1062
1884	u5597
1885	u620
1886	u1097
1887	u5340
1888	u5121
1889	u585
1890	u4223
1891	u2021
1892	u3601
1893	u3913
1894	u4541
1895	u2885
1896	u1689
1897	u3230
1898	u2999
1899	u3922
1900	u3228
1901	u718
1902	u3564
1903	u425
1904	u5286
1905	u1415
1906	u3737
1907	u5726
1908	u5706
1909	u1896
1910	u4697
1911	u677
1912	u987
1913	u5927
1914	u5324
1915	u539
1916	u4922
1917	u1421
1918	u5437
1919	u5138
1920	u927
1921	u4939
1922	u4243
1923	u4144
1924	u2972
1925	u3304
1926	u3635
1927	u4826
1928	u2944
1929	u5960
1930	u1950
1931	u1427
1932	u3935
1933	u436
1934	u5524
1935	u3731
1936	u5805
1937	u5049
1938	u230
1939	u4456
1940	u921
1941	u5019
1942	u5538
1943	u4605
1944	u278
1945	u5344
1946	u240
1947	u732
1948	u3752
1949	u4937
1950	u4452
1951	u4212
1952	u2769
1953	u1105
1954	u2136
1955	u4177
1956	u4907
1957	u5173
1958	u2091
1959	u451
1960	u3415
1961	u2997
1962	u1139
1963	u4902
1964	u5
1965	u4619
1966	u4459
1967	u1241
1968	u2008
1969	u2939
1970	u3896
1971	u5949
1972	u2002
1973	u1134
1974	u1071
1975	u1779
1976	u1901
1977	u3763
1978	u3231
1979	u724
1980	u3594
1981	u662
1982	u2921
1983	u2500
1984	u4601
1985	u3169
1986	u5034
1987	u5014
1988	u1856
1989	u5603
1990	u3789
1991	u5942
1992	u5971
1993	u4315
1994	u1328
1995	u3022
1996	u608
1997	u4361
1998	u4414
1999	u4994
2000	u3822
2001	u5769
2002	u4467
2003	u1407
2004	u4984
2005	u5253
2006	u1159
2007	u577
2008	u3200
2009	u6021
2010	u3033
2011	u4242
2012	u5264
2013	u2659
2014	u1408
2015	u2262
2016	u2903
2017	u214
2018	u5480
2019	u3614
2020	u793
2021	u5875
2022	u1544
2023	u1724
2024	u2555
2025	u5718
2026	u5459
2027	u4179
2028	u2068
2029	u5758
2030	u2663
2031	u5422
2032	u1648
2033	u130
2034	u4572
2035	u5490
2036	u4004
2037	u3837
2038	u4812
2039	u3020
2040	u1094
2041	u4498
2042	u4070
2043	u5497
2044	u4438
2045	u3349
2046	u594
2047	u3331
2048	u4415
2049	u648
2050	u5573
2051	u3799
2052	u3428
2053	u859
2054	u1978
2055	u2968
2056	u667
2057	u4718
2058	u377
2059	u5151
2060	u2498
2061	u838
2062	u3574
2063	u4662
2064	u4323
2065	u6030
2066	u652
2067	u498
2068	u2808
2069	u237
2070	u918
2071	u3586
2072	u1513
2073	u5219
2074	u307
2075	u2121
2076	u3290
2077	u656
2078	u4050
2079	u3457
2080	u2157
2081	u3458
2082	u3445
2083	u3192
2084	u5430
2085	u205
2086	u1162
2087	u2751
2088	u2451
2089	u3197
2090	u754
2091	u2730
2092	u5029
2093	u832
2094	u2176
2095	u635
2096	u2290
2097	u1321
2098	u4793
2099	u2178
2100	u783
2101	u1348
2102	u2744
2103	u1683
2104	u3697
2105	u4845
2106	u5701
2107	u5982
2108	u4916
2109	u1775
2110	u689
2111	u1571
2112	u34
2113	u3057
2114	u2572
2115	u5263
2116	u5905
2117	u2316
2118	u3741
2119	u4615
2120	u3202
2121	u4890
2122	u4511
2123	u435
2124	u4274
2125	u5217
2126	u4927
2127	u3538
2128	u1817
2129	u4416
2130	u910
2131	u764
2132	u4353
2133	u4203
2134	u4289
2135	u980
2136	u517
2137	u4477
2138	u396
2139	u5455
2140	u5709
2141	u4194
2142	u2779
2143	u939
2144	u3903
2145	u3345
2146	u1323
2147	u2407
2148	u3014
2149	u4368
2150	u4983
2151	u2785
2152	u728
2153	u5547
2154	u1894
2155	u4152
2156	u5691
2157	u2025
2158	u1947
2159	u1630
2160	u5624
2161	u3983
2162	u1564
2163	u103
2164	u2192
2165	u4272
2166	u5592
2167	u3874
2168	u5676
2169	u2127
2170	u5301
2171	u5647
2172	u2017
2173	u2952
2174	u1797
2175	u262
2176	u3085
2177	u3093
2178	u4160
2179	u5432
2180	u1551
2181	u2905
2182	u5109
2183	u1499
2184	u1357
2185	u1636
2186	u4460
2187	u4685
2188	u5059
2189	u685
2190	u5251
2191	u873
2192	u4294
2193	u1347
2194	u3996
2195	u5678
2196	u664
2197	u610
2198	u2593
2199	u156
2200	u3927
2201	u3025
2202	u1114
2203	u1982
2204	u3053
2205	u305
2206	u133
2207	u2978
2208	u513
2209	u3105
2210	u4121
2211	u4733
2212	u4471
2213	u2174
2214	u190
2215	u3684
2216	u5086
2217	u2523
2218	u3203
2219	u385
2220	u5952
2221	u1044
2222	u2784
2223	u5230
2224	u876
2225	u5118
2226	u408
2227	u2849
2228	u2943
2229	u1165
2230	u1561
2231	u5378
2232	u739
2233	u258
2234	u2651
2235	u880
2236	u2350
2237	u406
2238	u13
2239	u1127
2240	u3888
2241	u2055
2242	u810
2243	u3473
2244	u4380
2245	u5947
2246	u2852
2247	u3609
2248	u3556
2249	u4645
2250	u4849
2251	u2682
2252	u4233
2253	u2206
2254	u3908
2255	u4257
2256	u2897
2257	u5335
2258	u1796
2259	u3777
2260	u2747
2261	u853
2262	u6006
2263	u4093
2264	u3812
2265	u4374
2266	u1761
2267	u2656
2268	u4892
2269	u1853
2270	u342
2271	u5545
2272	u515
2273	u24
2274	u1215
2275	u3806
2276	u5102
2277	u5255
2278	u1819
2279	u3894
2280	u3481
2281	u5920
2282	u1338
2283	u5797
2284	u4526
2285	u5401
2286	u5473
2287	u5625
2288	u2393
2289	u2194
2290	u210
2291	u4631
2292	u4798
2293	u4573
2294	u274
2295	u1688
2296	u4973
2297	u1320
2298	u958
2299	u4371
2300	u4915
2301	u1370
2302	u2330
2303	u5020
2304	u2307
2305	u3028
2306	u1463
2307	u3638
2308	u3317
2309	u705
2310	u5648
2311	u3058
2312	u336
2313	u2894
2314	u4417
2315	u1066
2316	u829
2317	u2468
2318	u3387
2319	u1176
2320	u3233
2321	u5658
2322	u1594
2323	u905
2324	u5683
2325	u2742
2326	u5485
2327	u3978
2328	u3341
2329	u1054
2330	u3736
2331	u5598
2332	u3408
2333	u3277
2334	u2239
2335	u4830
2336	u5893
2337	u1824
2338	u5339
2339	u4552
2340	u2625
2341	u1300
2342	u2096
2343	u4043
2344	u2084
2345	u3002
2346	u4132
2347	u3914
2348	u2692
2349	u5187
2350	u5518
2351	u2812
2352	u3819
2353	u3677
2354	u5338
2355	u3661
2356	u820
2357	u101
2358	u3419
2359	u1887
2360	u1122
2361	u3038
2362	u1016
2363	u4670
2364	u3477
2365	u3696
2366	u4945
2367	u2
2368	u3435
2369	u505
2370	u5516
2371	u5566
2372	u4131
2373	u5548
2374	u3790
2375	u5209
2376	u65
2377	u4084
2378	u1262
2379	u4219
2380	u3240
2381	u4514
2382	u2688
2383	u3000
2384	u4908
2385	u4711
2386	u4644
2387	u78
2388	u186
2389	u3183
2390	u1791
2391	u5318
2392	u179
2393	u2976
2394	u2794
2395	u3263
2396	u4222
2397	u2143
2398	u3266
2399	u4103
2400	u1954
2401	u49
2402	u3010
2403	u2832
2404	u3582
2405	u2989
2406	u1474
2407	u4485
2408	u97
2409	u4706
2410	u3426
2411	u2179
2412	u2486
2413	u1744
2414	u3253
2415	u259
2416	u1540
2417	u1468
2418	u2435
2419	u309
2420	u5469
2421	u1352
2422	u5661
2423	u8
2424	u2004
2425	u4532
2426	u2701
2427	u5757
2428	u5126
2429	u1204
2430	u2146
2431	u452
2432	u3831
2433	u1871
2434	u3074
2435	u611
2436	u711
2437	u270
2438	u3568
2439	u4909
2440	u82
2441	u2789
2442	u663
2443	u1828
2444	u5827
2445	u2734
2446	u1018
2447	u2790
2448	u3653
2449	u6039
2450	u1437
2451	u5998
2452	u2533
2453	u5785
2454	u1116
2455	u510
2456	u5894
2457	u1440
2458	u3005
2459	u4681
2460	u2190
2461	u5424
2462	u4133
2463	u5242
2464	u493
2465	u2355
2466	u1951
2467	u4098
2468	u952
2469	u3923
2470	u4190
2471	u1223
2472	u5607
2473	u590
2474	u1331
2475	u5823
2476	u2883
2477	u605
2478	u671
2479	u2349
2480	u5236
2481	u4127
2482	u5408
2483	u1079
2484	u785
2485	u3213
2486	u2187
2487	u1366
2488	u5777
2489	u3560
2490	u5865
2491	u29
2492	u2787
2493	u4832
2494	u2409
2495	u5342
2496	u5616
2497	u4171
2498	u5208
2499	u5368
2500	u5129
2501	u2547
2502	u323
2503	u380
2504	u3664
2505	u5366
2506	u1690
2507	u795
2508	u529
2509	u2463
2510	u1678
2511	u3219
2512	u40
2513	u178
2514	u5505
2515	u5270
2516	u1038
2517	u2101
2518	u5750
2519	u4886
2520	u1866
2521	u3279
2522	u743
2523	u3171
2524	u1464
2525	u569
2526	u5906
2527	u1254
2528	u3250
2529	u2564
2530	u1585
2531	u1547
2532	u1781
2533	u1768
2534	u1514
2535	u1917
2536	u534
2537	u1825
2538	u4347
2539	u5406
2540	u4782
2541	u5687
2542	u4237
2543	u3486
2544	u3947
2545	u2870
2546	u4688
2547	u3889
2548	u4893
2549	u2859
2550	u3210
2551	u3384
2552	u5449
2553	u641
2554	u5752
2555	u3698
2556	u2351
2557	u2491
2558	u1078
2559	u1115
2560	u5641
2561	u4620
2562	u864
2563	u3524
2564	u114
2565	u5169
2566	u496
2567	u2079
2568	u5040
2569	u1681
2570	u2795
2571	u3801
2572	u2910
2573	u5708
2574	u3671
2575	u3974
2576	u3676
2577	u1804
2578	u5554
2579	u755
2580	u4181
2581	u966
2582	u162
2583	u4650
2584	u2248
2585	u2147
2586	u736
2587	u5583
2588	u1595
2589	u3844
2590	u4020
2591	u3855
2592	u2429
2593	u4148
2594	u3663
2595	u4735
2596	u5582
2597	u256
2598	u5655
2599	u4336
2600	u3742
2601	u3386
2602	u2980
2603	u3646
2604	u1073
2605	u1360
2606	u3173
2607	u1921
2608	u3605
2609	u4030
2610	u5341
2611	u5885
2612	u174
2613	u1022
2614	u1361
2615	u3329
2616	u2126
2617	u5889
2618	u530
2619	u630
2620	u4134
2621	u1506
2622	u954
2623	u733
2624	u2235
2625	u4737
2626	u2727
2627	u4780
2628	u2240
2629	u1281
2630	u471
2631	u267
2632	u2404
2633	u1021
2634	u956
2635	u5770
2636	u3432
2637	u3270
2638	u2757
2639	u5910
2640	u2272
2641	u2648
2642	u1433
2643	u4309
2644	u960
2645	u5395
2646	u3340
2647	u638
2648	u2481
2649	u3297
2650	u940
2651	u1577
2652	u2947
2653	u3226
2654	u1227
2655	u4252
2656	u2241
2657	u2573
2658	u926
2659	u2693
2660	u2844
2661	u4862
2662	u285
2663	u1855
2664	u3119
2665	u4367
2666	u3134
2667	u5353
2668	u4575
2669	u4687
2670	u3596
2671	u5023
2672	u4561
2673	u5097
2674	u463
2675	u697
2676	u2718
2677	u5892
2678	u4249
2679	u2427
2680	u1498
2681	u2039
2682	u5211
2683	u3749
2684	u102
2685	u4963
2686	u3917
2687	u2497
2688	u3294
2689	u3793
2690	u4099
2691	u1481
2692	u3004
2693	u1858
2694	u5143
2695	u5137
2696	u3815
2697	u4794
2698	u5044
2699	u4930
2700	u1976
2701	u1350
2702	u4378
2703	u5041
2704	u3172
2705	u1721
2706	u5646
2707	u3979
2708	u523
2709	u1492
2710	u6024
2711	u5177
2712	u1608
2713	u348
2714	u4071
2715	u3711
2716	u500
2717	u1589
2718	u3517
2719	u6014
2720	u83
2721	u4445
2722	u119
2723	u2459
2724	u5451
2725	u4580
2726	u5261
2727	u4123
2728	u4313
2729	u4036
2730	u3886
2731	u1169
2732	u1191
2733	u444
2734	u706
2735	u2444
2736	u5798
2737	u4235
2738	u4389
2739	u5025
2740	u5502
2741	u2163
2742	u2254
2743	u1063
2744	u5668
2745	u5166
2746	u3498
2747	u263
2748	u893
2749	u1507
2750	u3791
2751	u4245
2752	u2270
2753	u1494
2754	u431
2755	u3721
2756	u4828
2757	u4466
2758	u5063
2759	u4954
2760	u3912
2761	u4311
2762	u5197
2763	u480
2764	u4569
2765	u959
2766	u5958
2767	u2276
2768	u5912
2769	u5037
2770	u4162
2771	u2062
2772	u2974
2773	u5326
2774	u31
2775	u5180
2776	u4320
2777	u1232
2778	u715
2779	u1129
2780	u1843
2781	u4571
2782	u6019
2783	u772
2784	u3766
2785	u11
2786	u165
2787	u2933
2788	u5715
2789	u3145
2790	u5712
2791	u872
2792	u4450
2793	u4082
2794	u5601
2795	u3111
2796	u636
2797	u3733
2798	u5183
2799	u3830
2800	u4813
2801	u1602
2802	u884
2803	u4225
2804	u2170
2805	u5782
2806	u3199
2807	u5619
2808	u843
2809	u548
2810	u1532
2811	u2809
2812	u5396
2813	u419
2814	u849
2815	u3077
2816	u4499
2817	u231
2818	u2892
2819	u915
2820	u5976
2821	u1288
2822	u25
2823	u5953
2824	u615
2825	u6013
2826	u1393
2827	u5594
2828	u2594
2829	u4539
2830	u4739
2831	u28
2832	u2886
2833	u1634
2834	u2766
2835	u5671
2836	u2461
2837	u2398
2838	u5447
2839	u5446
2840	u2299
2841	u2070
2842	u828
2843	u3968
2844	u2788
2845	u2335
2846	u249
2847	u4218
2848	u4555
2849	u930
2850	u351
2851	u3925
2852	u340
2853	u2942
2854	u1877
2855	u1567
2856	u4292
2857	u1359
2858	u2493
2859	u5629
2860	u4306
2861	u5702
2862	u1149
2863	u2749
2864	u990
2865	u2699
2866	u4101
2867	u759
2868	u5139
2869	u1231
2870	u265
2871	u3323
2872	u5128
2873	u2803
2874	u212
2875	u3148
2876	u5322
2877	u5571
2878	u823
2879	u4817
2880	u3871
2881	u3904
2882	u4633
2883	u95
2884	u1000
2885	u3674
2886	u2158
2887	u504
2888	u787
2889	u1304
2890	u789
2891	u3444
2892	u776
2893	u2719
2894	u3489
2895	u1961
2896	u1064
2897	u2298
2898	u376
2899	u1850
2900	u882
2901	u203
2902	u4248
2903	u1511
2904	u5618
2905	u2492
2906	u4877
2907	u3003
2908	u2000
2909	u3532
2910	u4589
2911	u5076
2912	u5931
2913	u2882
2914	u5688
2915	u5900
2916	u316
2917	u479
2918	u3036
2919	u5884
2920	u4841
2921	u107
2922	u344
2923	u3990
2924	u1430
2925	u100
2926	u2321
2927	u4773
2928	u4967
2929	u2862
2930	u2200
2931	u2546
2932	u644
2933	u5479
2934	u1747
2935	u2161
2936	u567
2937	u1248
2938	u3413
2939	u5991
2940	u5939
2941	u5937
2942	u998
2943	u4247
2944	u1522
2945	u2013
2946	u38
2947	u4382
2948	u3135
2949	u4634
2950	u184
2951	u3439
2952	u3891
2953	u1198
2954	u5157
2955	u613
2956	u1895
2957	u5994
2958	u544
2959	u5246
2960	u1020
2961	u1878
2962	u2842
2963	u5736
2964	u3368
2965	u1196
2966	u4326
2967	u339
2968	u2078
2969	u3948
2970	u2898
2971	u5753
2972	u2550
2973	u5429
2974	u5464
2975	u4015
2976	u2937
2977	u222
2978	u691
2979	u4618
2980	u4947
2981	u5272
2982	u4745
2983	u2846
2984	u3305
2985	u1060
2986	u490
2987	u5813
2988	u6026
2989	u3052
2990	u3447
2991	u4870
2992	u1673
2993	u2352
2994	u3319
2995	u3207
2996	u1831
2997	u2703
2998	u547
2999	u291
3000	u4858
3001	u1450
3002	u595
3003	u5986
3004	u5201
3005	u5652
3006	u2199
3007	u413
3008	u2674
3009	u5532
3010	u5405
3011	u1414
3012	u3905
3013	u3086
3014	u5707
3015	u5825
3016	u1525
3017	u1523
3018	u3572
3019	u1005
3020	u1839
3021	u4034
3022	u109
3023	u2585
3024	u9
3025	u5903
3026	u659
3027	u2522
3028	u2310
3029	u851
3030	u1949
3031	u5233
3032	u1637
3033	u5704
3034	u2346
3035	u2669
3036	u3505
3037	u4606
3038	u6032
3039	u1995
3040	u220
3041	u170
3042	u4299
3043	u4843
3044	u99
3045	u5081
3046	u2830
3047	u1342
3048	u3374
3049	u439
3050	u5617
3051	u2689
3052	u296
3053	u4978
3054	u5638
3055	u983
3056	u5740
3057	u1500
3058	u1032
3059	u1833
3060	u1252
3061	u1047
3062	u4403
3063	u5871
3064	u4683
3065	u183
3066	u4409
3067	u3041
3068	u4567
3069	u2865
3070	u3257
3071	u3515
3072	u4772
3073	u4241
3074	u3811
3075	u2027
3076	u3571
3077	u3839
3078	u2571
3079	u1765
3080	u4598
3081	u2754
3082	u674
3083	u4625
3084	u3011
3085	u5148
3086	u4534
3087	u5257
3088	u1072
3089	u666
3090	u5248
3091	u4023
3092	u4251
3093	u4746
3094	u4795
3095	u2386
3096	u281
3097	u5751
3098	u3126
3099	u3334
3100	u5946
3101	u936
3102	u3982
3103	u1373
3104	u2410
3105	u5724
3106	u5470
3107	u347
3108	u552
3109	u4308
3110	u5930
3111	u110
3112	u844
3113	u1374
3114	u1458
3115	u4905
3116	u1743
3117	u52
3118	u5165
3119	u3162
3120	u5560
3121	u2619
3122	u4051
3123	u2874
3124	u809
3125	u4627
3126	u3116
3127	u3608
3128	u299
3129	u121
3130	u5241
3131	u5188
3132	u3849
3133	u3701
3134	u5791
3135	u1035
3136	u5929
3137	u1065
3138	u1327
3139	u5844
3140	u5071
3141	u5790
3142	u3497
3143	u5902
3144	u3155
3145	u2132
3146	u1924
3147	u5402
3148	u4412
3149	u5226
3150	u4518
3151	u244
3152	u626
3153	u3198
3154	u275
3155	u1863
3156	u4091
3157	u3659
3158	u792
3159	u4835
3160	u5484
3161	u3597
3162	u1324
3163	u1538
3164	u634
3165	u862
3166	u4617
3167	u391
3168	u2144
3169	u5186
3170	u3083
3171	u3184
3172	u2993
3173	u3580
3174	u5064
3175	u360
3176	u2551
3177	u2439
3178	u4468
3179	u4080
3180	u4066
3181	u786
3182	u2817
3183	u4613
3184	u1067
3185	u3174
3186	u5730
3187	u1762
3188	u3832
3189	u3866
3190	u5414
3191	u1131
3192	u1160
3193	u2103
3194	u2089
3195	u5869
3196	u3185
3197	u3332
3198	u2171
3199	u1315
3200	u748
3201	u2137
3202	u3452
3203	u797
3204	u2661
3205	u3528
3206	u5969
3207	u3470
3208	u3267
3209	u920
3210	u3898
3211	u5032
3212	u2975
3213	u3211
3214	u4686
3215	u3682
3216	u3577
3217	u5578
3218	u3433
3219	u2552
3220	u2094
3221	u5887
3222	u3759
3223	u5778
3224	u5419
3225	u3114
3226	u887
3227	u5332
3228	u3364
3229	u3775
3230	u60
3231	u836
3232	u324
3233	u3619
3234	u1308
3235	u1344
3236	u3417
3237	u3047
3238	u1527
3239	u1446
3240	u4168
3241	u5123
3242	u1441
3243	u116
3244	u5662
3245	u3066
3246	u5310
3247	u470
3248	u2212
3249	u2736
3250	u5267
3251	u289
3252	u2778
3253	u2715
3254	u1093
3255	u2881
3256	u2342
3257	u2320
3258	u4807
3259	u1931
3260	u4690
3261	u4501
3262	u5540
3263	u3479
3264	u3142
3265	u369
3266	u2371
3267	u3937
3268	u3460
3269	u2423
3270	u3098
3271	u2666
3272	u1138
3273	u3543
3274	u297
3275	u4689
3276	u5815
3277	u4138
3278	u1386
3279	u3845
3280	u3525
3281	u2324
3282	u5644
3283	u4674
3284	u4833
3285	u3302
3286	u5746
3287	u3359
3288	u537
3289	u658
3290	u2863
3291	u5105
3292	u2354
3293	u4654
3294	u2738
3295	u155
3296	u1623
3297	u3584
3298	u679
3299	u3984
3300	u3602
3301	u4280
3302	u6005
3303	u4595
3304	u2406
3305	u2858
3306	u5423
3307	u1956
3308	u2712
3309	u2733
3310	u3551
3311	u63
3312	u4952
3313	u5985
3314	u1629
3315	u5200
3316	u1999
3317	u1409
3318	u3048
3319	u5766
3320	u5134
3321	u1475
3322	u2922
3323	u5050
3324	u410
3325	u4757
3326	u3206
3327	u1710
3328	u1161
3329	u2394
3330	u5509
3331	u2927
3332	u5745
3333	u1403
3334	u3533
3335	u5275
3336	u4276
3337	u5307
3338	u979
3339	u5438
3340	u1476
3341	u5714
3342	u5106
3343	u5460
3344	u4911
3345	u4137
3346	u4717
3347	u1089
3348	u6
3349	u132
3350	u2728
3351	u3692
3352	u432
3353	u514
3354	u3050
3355	u3352
3356	u125
3357	u2142
3358	u81
3359	u2853
3360	u1770
3361	u2003
3362	u3975
3363	u5254
3364	u2069
3365	u111
3366	u3510
3367	u2915
3368	u5926
3369	u5362
3370	u3269
3371	u2214
3372	u2631
3373	u251
3374	u1195
3375	u2266
3376	u287
3377	u5670
3378	u5092
3379	u1665
3380	u96
3381	u3456
3382	u2236
3383	u5860
3384	u4494
3385	u888
3386	u3035
3387	u1945
3388	u4102
3389	u3482
3390	u4359
3391	u5048
3392	u3339
3393	u328
3394	u1702
3395	u1177
3396	u1705
3397	u3262
3398	u2421
3399	u5016
3400	u3049
3401	u1185
3402	u2138
3403	u4180
3404	u1376
3405	u3079
3406	u2805
3407	u5298
3408	u965
3409	u5363
3410	u5284
3411	u6004
3412	u1212
3413	u2654
3414	u5427
3415	u4350
3416	u4195
3417	u3800
3418	u4857
3419	u5710
3420	u3835
3421	u5613
3422	u3973
3423	u467
3424	u5622
3425	u1519
3426	u4239
3427	u4339
3428	u5602
3429	u1614
3430	u1570
3431	u4678
3432	u5494
3433	u5060
3434	u2058
3435	u1932
3436	u4221
3437	u2953
3438	u522
3439	u2306
3440	u3465
3441	u5510
3442	u401
3443	u925
3444	u4175
3445	u1992
3446	u3639
3447	u2501
3448	u3321
3449	u2806
3450	u5833
3451	u1337
3452	u3938
3453	u1287
3454	u5989
3455	u2570
3456	u76
3457	u964
3458	u894
3459	u593
3460	u5534
3461	u3248
3462	u3660
3463	u232
3464	u2428
3465	u2005
3466	u5276
3467	u358
3468	u2370
3469	u2726
3470	u557
3471	u5313
3472	u1972
3473	u4000
3474	u1278
3475	u105
3476	u2228
3477	u2694
3478	u1799
3479	u805
3480	u526
3481	u1618
3482	u2391
3483	u863
3484	u3949
3485	u3906
3486	u4875
3487	u661
3488	u4147
3489	u3854
3490	u950
3491	u1760
3492	u885
3493	u506
3494	u5164
3495	u5731
3496	u350
3497	u1940
3498	u2801
3499	u1353
3500	u4170
3501	u5997
3502	u3431
3503	u819
3504	u4866
3505	u967
3506	u6033
3507	u812
3508	u1563
3509	u3645
3510	u5832
3511	u2238
3512	u3141
3513	u3438
3514	u2800
3515	u1175
3516	u701
3517	u2273
3518	u5572
3519	u803
3520	u3706
3521	u4581
3522	u2959
3523	u3170
3524	u3613
3525	u2528
3526	u2845
3527	u3662
3528	u5399
3529	u1106
3530	u1707
3531	u5489
3532	u5072
3533	u5703
3534	u3848
3535	u2046
3536	u2043
3537	u239
3538	u138
3539	u1977
3540	u5094
3541	u4856
3542	u4608
3543	u2906
3544	u218
3545	u4444
3546	u2561
3547	u3337
3548	u5829
3549	u2773
3550	u3362
3551	u2600
3552	u1410
3553	u1239
3554	u3522
3555	u3924
3556	u3449
3557	u2256
3558	u122
3559	u1341
3560	u4604
3561	u5331
3562	u5382
3563	u4440
3564	u5856
3565	u2201
3566	u5293
3567	u112
3568	u3268
3569	u1163
3570	u3107
3571	u2768
3572	u3881
3573	u3289
3574	u1679
3575	u1365
3576	u236
3577	u3840
3578	u5496
3579	u5562
3580	u4155
3581	u4346
3582	u682
3583	u3531
3584	u614
3585	u5135
3586	u5768
3587	u3919
3588	u1158
3589	u1156
3590	u3851
3591	u5913
3592	u4095
3593	u387
3594	u991
3595	u5673
3596	u182
3597	u5431
3598	u3091
3599	u4465
3600	u3534
3601	u2118
3602	u3909
3603	u2032
3604	u3895
3605	u241
3606	u4931
3607	u379
3608	u5879
3609	u371
3610	u4426
3611	u3506
3612	u3175
3613	u288
3614	u1521
3615	u725
3616	u943
3617	u113
3618	u2448
3619	u726
3620	u5421
3621	u1056
3622	u4443
3623	u1826
3624	u693
3625	u709
3626	u3514
3627	u176
3628	u2327
3629	u1455
3630	u3237
3631	u5508
3632	u2950
3633	u252
3634	u1852
3635	u3156
3636	u1302
3637	u649
3638	u5631
3639	u5229
3640	u861
3641	u4998
3642	u3686
3643	u4847
3644	u5808
3645	u2802
3646	u2783
3647	u3500
3648	u5299
3649	u3962
3650	u1257
3651	u3559
3652	u464
3653	u4481
3654	u4173
3655	u3873
3656	u670
3657	u1649
3658	u3656
3659	u3964
3660	u837
3661	u2798
3662	u2281
3663	u5075
3664	u582
3665	u4355
3666	u3131
3667	u1569
3668	u201
3669	u4895
3670	u903
3671	u5078
3672	u4769
3673	u2202
3674	u2082
3675	u2617
3676	u6009
3677	u5024
3678	u1946
3679	u2723
3680	u1107
3681	u5194
3682	u5737
3683	u4840
3684	u5506
3685	u143
3686	u3567
3687	u4479
3688	u2337
3689	u3424
3690	u4432
3691	u3220
3692	u3670
3693	u414
3694	u741
3695	u2249
3696	u1735
3697	u2425
3698	u330
3699	u2284
3700	u1784
3701	u5237
3702	u2695
3703	u3161
3704	u3063
3705	u1467
3706	u1603
3707	u4317
3708	u5632
3709	u4172
3710	u5057
3711	u4827
3712	u4691
3713	u1822
3714	u2390
3715	u3239
3716	u2319
3717	u4557
3718	u2642
3719	u3478
3720	u5842
3721	u2308
3722	u4487
3723	u2597
3724	u2558
3725	u1745
3726	u1816
3727	u2672
3728	u1555
3729	u4240
3730	u4067
3731	u3295
3732	u5009
3733	u2983
3734	u2914
3735	u389
3736	u4760
3737	u5988
3738	u3901
3739	u1233
3740	u5499
3741	u769
3742	u420
3743	u3046
3744	u5959
3745	u4848
3746	u875
3747	u1082
3748	u3640
3749	u3810
3750	u5528
3751	u185
3752	u2917
3753	u3318
3754	u4551
3755	u3926
3756	u2580
3757	u2250
3758	u1276
3759	u5127
3760	u5296
3761	u4092
3762	u1557
3763	u1090
3764	u857
3765	u5822
3766	u5975
3767	u68
3768	u5013
3769	u1834
3770	u4229
3771	u5170
3772	u1205
3773	u2408
3774	u1222
3775	u27
3776	u576
3777	u4960
3778	u3817
3779	u5642
3780	u1528
3781	u974
3782	u1423
3783	u988
3784	u3920
3785	u1092
3786	u4694
3787	u4825
3788	u1750
3789	u3089
3790	u1042
3791	u1963
3792	u579
3793	u2811
3794	u4987
3795	u188
3796	u3092
3797	u4029
3798	u3781
3799	u3820
3800	u2675
3801	u1642
3802	u1575
3803	u5584
3804	u609
3805	u3707
3806	u87
3807	u2460
3808	u1740
3809	u2076
3810	u4713
3811	u603
3812	u2483
3813	u3890
3814	u5821
3815	u5080
3816	u4989
3817	u3073
3818	u5891
3819	u334
3820	u3106
3821	u2280
3822	u1201
3823	u4783
3824	u5895
3825	u1055
3826	u449
3827	u4744
3828	u4768
3829	u393
3830	u1378
3831	u5551
3832	u909
3833	u3598
3834	u3296
3835	u2521
3836	u430
3837	u135
3838	u3553
3839	u4602
3840	u2957
3841	u1533
3842	u2305
3843	u4842
3844	u359
3845	u4731
3846	u1041
3847	u4135
3848	u3813
3849	u1167
3850	u1646
3851	u4762
3852	u3846
3853	u2519
3854	u3710
3855	u5196
3856	u3256
3857	u2579
3858	u4818
3859	u1012
3860	u3090
3861	u4200
3862	u5454
3863	u4910
3864	u1874
3865	u4002
3866	u3245
3867	u3042
3868	u1769
3869	u1885
3870	u1574
3871	u1734
3872	u2278
3873	u5104
3874	u2510
3875	u1739
3876	u4111
3877	u3667
3878	u120
3879	u3084
3880	u4999
3881	u3950
3882	u1052
3883	u5195
3884	u3943
3885	u332
3886	u418
3887	u704
3888	u2515
3889	u2760
3890	u5291
3891	u1381
3892	u4475
3893	u4624
3894	u4540
3895	u813
3896	u5850
3897	u2850
3898	u4453
3899	u2095
3900	u1981
3901	u831
3902	u3755
3903	u2291
3904	u5711
3905	u2198
3906	u868
3907	u3809
3908	u2036
3909	u3954
3910	u3593
3911	u437
3912	u56
3913	u2557
3914	u4206
3915	u811
3916	u3843
3917	u5031
3918	u1814
3919	u914
3920	u233
3921	u2372
3922	u501
3923	u5992
3924	u5141
3925	u5218
3926	u362
3927	u834
3928	u4582
3929	u5803
3930	u2405
3931	u933
3932	u968
3933	u4290
3934	u3941
3935	u57
3936	u2155
3937	u5210
3938	u3700
3939	u2655
3940	u3130
3941	u1259
3942	u1103
3943	u3150
3944	u878
3945	u4966
3946	u1559
3947	u2397
3948	u1153
3949	u4701
3950	u4753
3951	u2318
3952	u1355
3953	u5739
3954	u5513
3955	u5417
3956	u4027
3957	u762
3958	u1728
3959	u1798
3960	u2604
3961	u3322
3962	u2014
3963	u37
3964	u4632
3965	u1684
3966	u3867
3967	u1253
3968	u3480
3969	u3360
3970	u5774
3971	u5951
3972	u4063
3973	u279
3974	u2469
3975	u1913
3976	u5729
3977	u5987
3978	u847
3979	u982
3980	u2513
3981	u4397
3982	u2477
3983	u1136
3984	u4266
3985	u4976
3986	u4721
3987	u1846
3988	u2331
3989	u106
3990	u5442
3991	u3921
3992	u5133
3993	u3097
3994	u3357
3995	u2134
3996	u257
3997	u5515
3998	u3062
3999	u2227
4000	u3728
4001	u4047
4002	u3249
4003	u1818
4004	u3629
4005	u3468
4006	u6028
4007	u3
4008	u2115
4009	u1987
4010	u4428
4011	u2855
4012	u1217
4013	u4283
4014	u2508
4015	u3779
4016	u2326
4017	u742
4018	u2607
4019	u3306
4020	u1397
4021	u5415
4022	u423
4023	u532
4024	u2911
4025	u2294
4026	u1372
4027	u4599
4028	u1691
4029	u1944
4030	u1738
4031	u6015
4032	u995
4033	u2333
4034	u5943
4035	u643
4036	u4205
4037	u1293
4038	u1742
4039	u2300
4040	u4836
4041	u2400
4042	u441
4043	u2387
4044	u3703
4045	u4035
4046	u3310
4047	u760
4048	u2945
4049	u1868
4050	u553
4051	u4990
4052	u4533
4053	u3348
4054	u4357
4055	u88
4056	u672
4057	u5732
4058	u4044
4059	u2951
4060	u374
4061	u2936
4062	u1731
4063	u5542
4064	u2991
4065	u5330
4066	u2274
4067	u2539
4068	u5252
4069	u1923
4070	u3774
4071	u5079
4072	u5010
4073	u2418
4074	u2815
4075	u370
4076	u5474
4077	u916
4078	u5764
4079	u4883
4080	u2762
4081	u5970
4082	u2711
4083	u1283
4084	u3037
4085	u4716
4086	u3451
4087	u5882
4088	u730
4089	u422
4090	u3782
4091	u1482
4092	u3747
4093	u5846
4094	u806
4095	u4777
4096	u4684
4097	u5190
4098	u3146
4099	u3177
4100	u5346
4101	u3316
4102	u3952
4103	u993
4104	u4187
4105	u1881
4106	u4182
4107	u1388
4108	u86
4109	u4039
4110	u5354
4111	u2382
4112	u707
4113	u2452
4114	u4797
4115	u4914
4116	u3637
4117	u3023
4118	u1959
4119	u2367
4120	u1965
4121	u3100
4122	u5868
4123	u39
4124	u1002
4125	u357
4126	u3232
4127	u69
4128	u4157
4129	u3467
4130	u722
4131	u1
4132	u4012
4133	u4727
4134	u4714
4135	u2130
4136	u1436
4137	u4208
4138	u80
4139	u2197
4140	u177
4141	u5966
4142	u1867
4143	u1857
4144	u2988
4145	u2822
4146	u3221
4147	u2093
4148	u1334
4149	u1286
4150	u3879
4151	u2877
4152	u3694
4153	u67
4154	u2632
4155	u1659
4156	u3966
4157	u2636
4158	u2322
4159	u4669
4160	u4370
4161	u3344
4162	u1576
4163	u2476
4164	u2313
4165	u4087
4166	u2660
4167	u1061
4168	u5279
4169	u1375
4170	u865
4171	u4740
4172	u5336
4173	u3880
4174	u2243
4175	u3006
4176	u2856
4177	u2226
4178	u3382
4179	u4376
4180	u4105
4181	u2420
4182	u1349
4183	u2987
4184	u3699
4185	u5741
4186	u1773
4187	u4185
4188	u495
4189	u3039
4190	u3857
4191	u4232
4192	u5487
4193	u3702
4194	u416
4195	u3241
4196	u848
4197	u5807
4198	u2782
4199	u4709
4200	u895
4201	u5262
4202	u814
4203	u2359
4204	u1909
4205	u126
4206	u5435
4207	u538
4208	u5486
4209	u4300
4210	u4075
4211	u913
4212	u388
4213	u5921
4214	u5181
4215	u140
4216	u1785
4217	u896
4218	u4420
4219	u1670
4220	u2924
4221	u1145
4222	u2979
4223	u2535
4224	u354
4225	u3852
4226	u2087
4227	u3907
4228	u3828
4229	u194
4230	u2139
4231	u5204
4232	u1657
4233	u1504
4234	u580
4235	u2317
4236	u4553
4237	u3492
4238	u2341
4239	u2525
4240	u3666
4241	u2998
4242	u4993
4243	u4603
4244	u1028
4245	u2637
4246	u1148
4247	u4693
4248	u472
4249	u1024
4250	u622
4251	u4528
4252	u6031
4253	u2401
4254	u1401
4255	u5748
4256	u167
4257	u4231
4258	u5498
4259	u2149
4260	u382
4261	u2732
4262	u4759
4263	u2678
4264	u3472
4265	u1290
4266	u4262
4267	u3293
4268	u4119
4269	u5537
4270	u2366
4271	u6020
4272	u1919
4273	u994
4274	u3088
4275	u5132
4276	u4198
4277	u3631
4278	u2973
4279	u3342
4280	u5384
4281	u473
4282	u428
4283	u3617
4284	u5849
4285	u4321
4286	u4296
4287	u1827
4288	u1009
4289	u6008
4290	u581
4291	u1210
4292	u5189
4293	u1660
4294	u3865
4295	u2518
4296	u1402
4297	u3395
4298	u292
4299	u365
4300	u628
4301	u1400
4302	u2006
4303	u1553
4304	u4584
4305	u5692
4306	u3734
4307	u1777
4308	u2447
4309	u4149
4310	u446
4311	u4516
4312	u4894
4313	u6022
4314	u4903
4315	u5176
4316	u5836
4317	u2596
4318	u5481
4319	u5348
4320	u5101
4321	u450
4322	u3409
4323	u750
4324	u773
4325	u3383
4326	u2536
4327	u4546
4328	u2615
4329	u3508
4330	u5581
4331	u4799
4332	u3573
4333	u3786
4334	u180
4335	u1235
4336	u469
4337	u2635
4338	u2961
4339	u4081
4340	u70
4341	u312
4342	u2833
4343	u5308
4344	u3136
4345	u3944
4346	u1011
4347	u2480
4348	u1517
4349	u286
4350	u487
4351	u4301
4352	u5973
4353	u142
4354	u3139
4355	u4719
4356	u32
4357	u1815
4358	u266
4359	u1729
4360	u3016
4361	u4590
4362	u2057
4363	u5385
4364	u2623
4365	u5637
4366	u1080
4367	u3772
4368	u1036
4369	u1143
4370	u2104
4371	u2746
4372	u616
4373	u681
4374	u4188
4375	u2285
4376	u4037
4377	u1014
4378	u1461
4379	u4920
4380	u2828
4381	u1859
4382	u4530
4383	u3523
4384	u2970
4385	u1934
4386	u5003
4387	u3343
4388	u5068
4389	u5416
4390	u2949
4391	u612
4392	u5665
4393	u4455
4394	u3064
4395	u3461
4396	u5017
4397	u2224
4398	u3537
4399	u2616
4400	u1428
4401	u2591
4402	u1789
4403	u4128
4404	u3649
4405	u2720
4406	u4853
4407	u3223
4408	u867
4409	u564
4410	u519
4411	u3251
4412	u433
4413	u2606
4414	u3657
4415	u5633
4416	u845
4417	u3856
4418	u1966
4419	u4859
4420	u632
4421	u5742
4422	u1411
4423	u1364
4424	u3758
4425	u5058
4426	u4679
4427	u4860
4428	u866
4429	u4652
4430	u4474
4431	u1292
4432	u3750
4433	u1245
4434	u1289
4435	u976
4436	u4982
4437	u3109
4438	u2365
4439	u5674
4440	u4763
4441	u2948
4442	u3527
4443	u4003
4444	u4668
4445	u1756
4446	u2770
4447	u3427
4448	u4031
4449	u3740
4450	u3581
4451	u394
4452	u5036
4453	u3872
4454	u5006
4455	u5830
4456	u1786
4457	u2312
4458	u2416
4459	u280
4460	u962
4461	u2191
4462	u1935
4463	u74
4464	u768
4465	u908
4466	u668
4467	u5783
4468	u2361
4469	u4767
4470	u2112
4471	u2520
4472	u2297
4473	u3869
4474	u4399
4475	u1942
4476	u2875
4477	u4529
4478	u1371
4479	u5552
4480	u2702
4481	u3587
4482	u4076
4483	u1214
4484	u1424
4485	u4997
4486	u3255
4487	u1419
4488	u3680
4489	u3008
4490	u2289
4491	u1809
4492	u1368
4493	u2797
4494	u5727
4495	u5179
4496	u5669
4497	u4236
4498	u5587
4499	u1644
4500	u5820
4501	u322
4502	u1049
4503	u3218
4504	u2113
4505	u4011
4506	u4588
4507	u1280
4508	u5343
4509	u1720
4510	u2650
4511	u1486
4512	u5328
4513	u4125
4514	u5033
4515	u766
4516	u4586
4517	u2891
4518	u555
4519	u3753
4520	u4639
4521	u478
4522	u2964
4523	u2471
4524	u2267
4525	u5436
4526	u3373
4527	u4319
4528	u404
4529	u381
4530	u4442
4531	u2494
4532	u4434
4533	u694
4534	u1672
4535	u525
4536	u5521
4537	u2517
4538	u2904
4539	u5500
4540	u657
4541	u2377
4542	u2033
4543	u562
4544	u5651
4545	u2216
4546	u4781
4547	u5055
4548	u5907
4549	u3354
4550	u3398
4551	u4495
4552	u4702
4553	u1970
4554	u5660
4555	u3204
4556	u1975
4557	u215
4558	u596
4559	u458
4560	u5544
4561	u1810
4562	u375
4563	u3986
4564	u3113
4565	u1188
4566	u1957
4567	u5721
4568	u5461
4569	u892
4570	u2612
4571	u1104
4572	u2509
4573	u2009
4574	u650
4575	u1008
4576	u4707
4577	u5093
4578	u4872
4579	u4165
4580	u2495
4581	u248
4582	u2301
4583	u2315
4584	u856
4585	u512
4586	u5311
4587	u5563
4588	u434
4589	u2253
4590	u2704
4591	u363
4592	u84
4593	u4405
4594	u1178
4595	u1583
4596	u5203
4597	u1715
4598	u4424
4599	u2545
4600	u586
4601	u2662
4602	u1910
4603	u1627
4604	u3350
4605	u2630
4606	u1006
4607	u4574
4608	u1529
4609	u4423
4610	u4199
4611	u72
4612	u3818
4613	u1295
4614	u779
4615	u4057
4616	u2117
4617	u3485
4618	u4638
4619	u4493
4620	u3655
4621	u717
4622	u2791
4623	u4878
4624	u4278
4625	u3876
4626	u1830
4627	u443
4628	u912
4629	u2081
4630	u5244
4631	u5022
4632	u5088
4633	u4297
4634	u3127
4635	u5357
4636	u5693
4637	u2007
4638	u6027
4639	u3115
4640	u2430
4641	u3805
4642	u3899
4643	u1438
4644	u5984
4645	u1651
4646	u4720
4647	u2569
4648	u5150
4649	u1076
4650	u400
4651	u3875
4652	u253
4653	u3980
4654	u1620
4655	u3385
4656	u5968
4657	u3730
4658	u5799
4659	u1405
4660	u2437
4661	u2586
4662	u5928
4663	u1588
4664	u2245
4665	u1677
4666	u2154
4667	u597
4668	u3059
4669	u1580
4670	u4164
4671	u1330
4672	u645
4673	u1869
4674	u1704
4675	u2577
4676	u5591
4677	u4764
4678	u1013
4679	u4120
4680	u2864
4681	u3247
4682	u1443
4683	u5191
4684	u5147
4685	u2083
4686	u2343
4687	u4174
4688	u4660
4689	u4366
4690	u573
4691	u2958
4692	u1258
4693	u989
4694	u4722
4695	u804
4696	u2610
4697	u2213
4698	u2603
4699	u1888
4700	u3061
4701	u3785
4702	u4519
4703	u294
4704	u5695
4705	u397
4706	u4486
4707	u373
4708	u5936
4709	u627
4710	u2677
4711	u5977
4712	u3094
4713	u5235
4714	u1108
4715	u4838
4716	u5873
4717	u3060
4718	u5374
4719	u734
4720	u521
4721	u5410
4722	u1663
4723	u1091
4724	u2432
4725	u2464
4726	u5914
4727	u1581
4728	u4536
4729	u3776
4730	u2556
4731	u1792
4732	u91
4733	u5855
4734	u1554
4735	u4059
4736	u1725
4737	u2479
4738	u7
4739	u3463
4740	u1905
4741	u540
4742	u944
4743	u4469
4744	u4544
4745	u3991
4746	u4246
4747	u5334
4748	u2554
4749	u5478
4750	u1208
4751	u1026
4752	u4925
4753	u2963
4754	u2823
4755	u3166
4756	u5503
4757	u2721
4758	u4594
4759	u3714
4760	u4587
4761	u1578
4762	u923
4763	u1565
4764	u4136
4765	u2286
4766	u4924
4767	u1110
4768	u154
4769	u3103
4770	u115
4771	u4045
4772	u3784
4773	u2548
4774	u5897
4775	u1296
4776	u4369
4777	u1548
4778	u4435
4779	u2578
4780	u5456
4781	u5933
4782	u584
4783	u688
4784	u3153
4785	u1462
4786	u5303
4787	u4850
4788	u871
4789	u2622
4790	u405
4791	u1023
4792	u5377
4793	u747
4794	u756
4795	u5639
4796	u5199
4797	u807
4798	u5373
4799	u3137
4800	u5864
4801	u50
4802	u3956
4803	u1398
4804	u5285
4805	u961
4806	u3070
4807	u3437
4808	u485
4809	u3861
4810	u2362
4811	u5325
4812	u5243
4813	u1043
4814	u5162
4815	u5356
4816	u104
4817	u3893
4818	u2741
4819	u2574
4820	u4874
4821	u2827
4822	u2001
4823	u2954
4824	u794
4825	u5212
4826	u1536
4827	u2499
4828	u4811
4829	u3347
4830	u2074
4831	u1700
4832	u5115
4833	u2099
4834	u5095
4835	u4804
4836	u2329
4837	u3366
4838	u3186
4839	u325
4840	u290
4841	u1774
4842	u4770
4843	u4563
4844	u3549
4845	u3326
4846	u4805
4847	u618
4848	u2332
4849	u2433
4850	u2838
4851	u5154
4852	u1654
4853	u3794
4854	u1510
4855	u2360
4856	u879
4857	u2487
4858	u3743
4859	u3284
4860	u5983
4861	u1953
4862	u5700
4863	u5564
4864	u4226
4865	u1085
4866	u5440
4867	u3987
4868	u1027
4869	u2861
4870	u378
4871	u5940
4872	u2588
4873	u4046
4874	u4642
4875	u3466
4876	u1487
4877	u3814
4878	u460
4879	u206
4880	u1256
4881	u2912
4882	u5171
4883	u3144
4884	u3404
4885	u2698
4886	u1180
4887	u5549
4888	u1480
4889	u2048
4890	u1638
4891	u3535
4892	u4570
4893	u633
4894	u2473
4895	u4657
4896	u4919
4897	u2169
4898	u606
4899	u2652
4900	u5425
4901	u4341
4902	u5819
4903	u5360
4904	u1771
4905	u51
4906	u4429
4907	u4431
4908	u3928
4909	u978
4910	u2568
4911	u4439
4912	u4316
4913	u1081
4914	u5316
4915	u3278
4916	u4646
4917	u4565
4918	u5589
4919	u1997
4920	u4616
4921	u799
4922	u700
4923	u2283
4924	u5870
4925	u2257
4926	u5941
4927	u3015
4928	u3797
4929	u16
4930	u625
4931	u1915
4932	u4307
4933	u4559
4934	u4803
4935	u4293
4936	u2034
4937	u1718
4938	u108
4939	u2189
4940	u825
4941	u3372
4942	u740
4943	u1572
4944	u5789
4945	u4314
4946	u2835
4947	u5507
4948	u1973
4949	u2956
4950	u1046
4951	u79
4952	u5802
4953	u3723
4954	u5609
4955	u4255
4956	u561
4957	u4214
4958	u4441
4959	u5004
4960	u3160
4961	u4761
4962	u1872
4963	u30
4964	u3644
4965	u4876
4966	u2667
4967	u2475
4968	u5202
4969	u2831
4970	u554
4971	u5611
4972	u3668
4973	u2614
4974	u4929
4975	u3554
4976	u1703
4977	u4331
4978	u4766
4979	u2066
4980	u3575
4981	u4052
4982	u1832
4983	u4641
4984	u4913
4985	u1316
4986	u246
4987	u4295
4988	u4970
4989	u2040
4990	u4538
4991	u2363
4992	u3446
4993	u4936
4994	u2412
4995	u4503
4996	u2940
4997	u1075
4998	u3214
4999	u1512
5000	u5756
5001	u2123
5002	u2369
5003	u4612
5004	u5546
5005	u507
5006	u2441
5007	u1847
5008	u144
5009	u2505
5010	u2767
5011	u1275
5012	u3583
5013	u4395
5014	u2328
5015	u1251
5016	u598
5017	u2229
5018	u1190
5019	u2384
5020	u5351
5021	u3744
5022	u2218
5023	u5901
5024	u2587
5025	u5816
5026	u3338
5027	u1531
5028	u2474
5029	u1537
5030	u3932
5031	u2150
5032	u5559
5033	u5610
5034	u2531
5035	u54
5036	u2534
5037	u1238
5038	u4938
5039	u3117
5040	u4113
5041	u2482
5042	u221
5043	u883
5044	u3606
5045	u860
5046	u2992
5047	u465
5048	u3165
5049	u2075
5050	u3286
5051	u3190
5052	u1625
5053	u3405
5054	u5444
5055	u3258
5056	u1236
5057	u3647
5058	u3863
5059	u1326
5060	u5666
5061	u283
5062	u3406
5063	u2780
5064	u2843
5065	u3443
5066	u1432
5067	u2549
5068	u1788
5069	u488
5070	u145
5071	u2183
5072	u1633
5073	u2415
5074	u1118
5075	u542
5076	u972
5077	u159
5078	u4143
5079	u2829
5080	u4896
5081	u5315
5082	u2706
5083	u5089
5084	u4330
5085	u1111
5086	u2392
5087	u4863
5088	u447
5089	u4629
5090	u2413
5091	u4649
5092	u2151
5093	u2598
5094	u4069
5095	u2722
5096	u675
5097	u4545
5098	u5290
5099	u1900
5100	u1772
5101	u5588
5102	u5859
5103	u1247
5104	u4885
5105	u4844
5106	u3459
5107	u5696
5108	u5477
5109	u440
5110	u486
5111	u3862
5112	u2217
5113	u5231
5114	u1048
5115	u4462
5116	u997
5117	u5685
5118	u1098
5119	u4986
5120	u4712
5121	u367
5122	u5288
5123	u5612
5124	u5221
5125	u2364
5126	u3798
5127	u3708
5128	u3120
5129	u3494
5130	u2716
5131	u1558
5132	u1518
5133	u3738
5134	u2560
5135	u2049
5136	u1808
5137	u6017
5138	u4667
5139	u683
5140	u3252
5141	u1876
5142	u407
5143	u2729
5144	u4151
5145	u5067
5146	u1562
5147	u2713
5148	u946
5149	u3102
5150	u61
5151	u5541
5152	u4820
5153	u1277
5154	u5372
5155	u5297
5156	u5320
5157	u4338
5158	u196
5159	u1095
5160	u2417
5161	u2639
5162	u1045
5163	u3541
5164	u5224
5165	u1313
5166	u2514
5167	u3566
5168	u1526
5169	u2196
5170	u4202
5171	u2932
5172	u4949
5173	u2869
5174	u5834
5175	u4996
5176	u211
5177	u4648
5178	u4146
5179	u2839
5180	u282
5181	u4061
5182	u3379
5183	u85
5184	u4623
5185	u1187
5186	u5292
5187	u1849
5188	u684
5189	u5358
5190	u4391
5191	u5207
5192	u3767
5193	u2971
5194	u2426
5195	u4017
5196	u468
5197	u5839
5198	u1622
5199	u3448
5200	u4864
5201	u2708
5202	u5945
5203	u2080
5204	u2725
5205	u4324
5206	u4513
5207	u5993
5208	u2739
5209	u2159
5210	u1732
5211	u2287
5212	u1782
5213	u917
5214	u5462
5215	u5793
5216	u4974
5217	u4288
5218	u3936
5219	u2019
5220	u168
5221	u680
5222	u1346
5223	u304
5224	u1590
5225	u3627
5226	u5818
5227	u5240
5228	u1955
5229	u3502
5230	u4968
5231	u484
5232	u5876
5233	u5379
5234	u5932
5235	u5814
5236	u1979
5237	u5259
5238	u5206
5239	u901
5240	u4402
5241	u2065
5242	u3355
5243	u852
5244	u2697
5245	u1249
5246	u1037
5247	u2960
5248	u2527
5249	u5073
5250	u738
5251	u3040
5252	u4065
5253	u2347
5254	u3078
5255	u5375
5256	u938
5257	u1886
5258	u189
5259	u3788
5260	u1083
5261	u874
5262	u4723
5263	u4695
5264	u3544
5265	u3009
5266	u5213
5267	u3194
5268	u5965
5269	u41
5270	u3722
5271	u6029
5272	u4201
5273	u3152
5274	u1971
5275	u3235
5276	u5934
5277	u2816
5278	u1445
5279	u686
5280	u1269
5281	u2396
5282	u5514
5283	u3977
5284	u228
5285	u3104
5286	u1610
5287	u2758
5288	u64
5289	u842
5290	u1668
5291	u4267
5292	u3595
5293	u20
5294	u2633
5295	u4100
5296	u3545
5297	u3276
5298	u1862
5299	u1189
5300	u4216
5301	u5923
5302	u5214
5303	u3307
5304	u427
5305	u3215
5306	u2511
5307	u4955
5308	u5999
5309	u1661
5310	u4710
5311	u3960
5312	u5304
5313	u1508
5314	u1479
5315	u1994
5316	u5043
5317	u1439
5318	u5909
5319	u5713
5320	u2538
5321	u1460
5322	u491
5323	u2442
5324	u4097
5325	u1332
5326	u1200
5327	u5266
5328	u5476
5329	u219
5330	u2920
5331	u5155
5332	u1025
5333	u4926
5334	u3027
5335	u3124
5336	u1435
5337	u1823
5338	u5175
5339	u5979
5340	u1382
5341	u1123
5342	u1478
5343	u3238
5344	u2775
5345	u4263
5346	u2470
5347	u5640
5348	u243
5349	u1990
5350	u46
5351	u5125
5352	u4941
5353	u3375
5354	u886
5355	u4275
5356	u3397
5357	u2601
5358	u4752
5359	u1754
5360	u4923
5361	u1840
5362	u455
5363	u1003
5364	u4504
5365	u5866
5366	u4358
5367	u3440
5368	u4692
5369	u4778
5370	u3488
5371	u2821
5372	u5743
5373	u4400
5374	u4873
5375	u4073
5376	u277
5377	u2709
5378	u1541
5379	u2028
5380	u66
5381	u3288
5382	u1933
5383	u4142
5384	u2981
5385	u758
5386	u1682
5387	u1906
5388	u1520
5389	u5152
5390	u568
5391	u2275
5392	u1417
5393	u5628
5394	u417
5395	u2193
5396	u4665
5397	u771
5398	u3392
5399	u459
5400	u3748
5401	u5045
5402	u1669
5403	u5407
5404	u4971
5405	u3604
5406	u5835
5407	u2658
5408	u4396
5409	u545
5410	u3719
5411	u1007
5412	u497
5413	u503
5414	u2295
5415	u5069
5416	u2553
5417	u5944
5418	u1412
5419	u2646
5420	u3019
5421	u399
5422	u1477
5423	u719
5424	u5760
5425	u3369
5426	u298
5427	u5781
5428	u483
5429	u1652
5430	u5066
5431	u3187
5432	u4822
5433	u5110
5434	u5028
5435	u2379
5436	u1234
5437	u5898
5438	u4109
5439	u1619
5440	u213
5441	u790
5442	u1237
5443	u4
5444	u5383
5445	u1795
5446	u1444
5447	u21
5448	u870
5449	u4273
5450	u5149
5451	u1515
5452	u1166
5453	u2982
5454	u1319
5455	u1488
5456	u2277
5457	u1989
5458	u578
5459	u2388
5460	u4129
5461	u2717
5462	u77
5463	u5160
5464	u2107
5465	u2965
5466	u3911
5467	u4392
5468	u5467
5469	u3616
5470	u4349
5471	u2449
5472	u4515
5473	u4846
5474	u4176
5475	u4189
5476	u642
5477	u5577
5478	u3530
5479	u269
5480	u313
5481	u2871
5482	u1469
5483	u3132
5484	u2696
5485	u1240
5486	u1829
5487	u5471
5488	u2640
5489	u2358
5490	u4792
5491	u2512
5492	u784
5493	u4197
5494	u5370
5495	u1394
5496	u5681
5497	u589
5498	u4158
5499	u4166
5500	u3335
5501	u1270
5502	u4696
5503	u2204
5504	u3164
5505	u5144
5506	u1656
5507	u4010
5508	u4664
5509	u1964
5510	u2314
5511	u4537
5512	u761
5513	u1787
5514	u5527
5515	u4163
5516	u4191
5517	u4108
5518	u4500
5519	u1384
5520	u5935
5521	u4891
5522	u2220
5523	u1454
5524	u1192
5525	u5388
5526	u2108
5527	u763
5528	u5192
5529	u835
5530	u1535
5531	u2434
5532	u1171
5533	u3264
5534	u489
5535	u592
5536	u4630
5537	u2524
5538	u2618
5539	u5867
5540	u4969
5541	u247
5542	u2671
5543	u992
5544	u353
5545	u5656
5546	u4542
5547	u5773
5548	u4944
5549	u907
5550	u3076
5551	u826
5552	u2375
5553	u2710
5554	u1811
5555	u1379
5556	u1225
5557	u1711
5558	u4056
5559	u3826
5560	u4372
5561	u2443
5562	u4564
5563	u3632
5564	u2292
5565	u599
5566	u4254
5567	u2984
5568	u2687
5569	u3636
5570	u898
5571	u4427
5572	u5130
5573	u3429
5574	u2184
5575	u5962
5576	u4256
5577	u5635
5578	u1911
5579	u4410
5580	u4787
5581	u1485
5582	u1686
5583	u3628
5584	u2867
5585	u4651
5586	u1197
5587	u4196
5588	u1708
5589	u4730
5590	u1766
5591	u4743
5592	u2813
5593	u3068
5594	u1763
5595	u3396
5596	u3496
5597	u4992
5598	u2542
5599	u4106
5600	u5590
5601	u4583
5602	u2044
5603	u2052
5604	u1157
5605	u207
5606	u4549
5607	u5295
5608	u2705
5609	u5533
5610	u2135
5611	u4724
5612	u5690
5613	u1568
5614	u2467
5615	u5817
5616	u2128
5617	u1539
5618	u2260
5619	u3381
5620	u3298
5621	u2602
5622	u1550
5623	u315
5624	u71
5625	u3030
5626	u1307
5627	u1566
5628	u4264
5629	u5579
5630	u4776
5631	u2690
5632	u3795
5633	u234
5634	u565
5635	u2714
5636	u4282
5637	u3933
5638	u2296
5639	u1549
5640	u3212
5641	u2879
5642	u4159
5643	u2086
5644	u3168
5645	u5392
5646	u492
5647	u3149
5648	u535
5649	u3324
5650	u164
5651	u4340
5652	u3765
5653	u5245
5654	u502
5655	u2902
5656	u4676
5657	u2357
5658	u906
5659	u4385
5660	u3623
5661	u3071
5662	u2851
5663	u4554
5664	u1102
5665	u3870
5666	u320
5667	u1336
5668	u5719
5669	u5694
5670	u311
5671	u2431
5672	u619
5673	u2268
5674	u3783
5675	u3351
5676	u3236
5677	u200
5678	u4525
5679	u4184
5680	u5122
5681	u3043
5682	u3034
5683	u1821
5684	u227
5685	u4576
5686	u1471
5687	u4751
5688	u5274
5689	u941
5690	u5784
5691	u2653
5692	u2450
5693	u4741
5694	u2210
5695	u5247
5696	u5735
5697	u217
5698	u5697
5699	u2759
5700	u4550
5701	u5238
5702	u1213
5703	u2207
5704	u5918
5705	u2925
5706	u361
5707	u171
5708	u2763
5709	u5608
5710	u4988
5711	u3455
5712	u5877
5713	u1309
5714	u751
5715	u6034
5716	u5672
5717	u2252
5718	u4636
5719	u5398
5720	u5606
5721	u617
5722	u341
5723	u2045
5724	u5919
5725	u4839
5726	u421
5727	u1229
5728	u4756
5729	u1662
5730	u128
5731	u172
5732	u947
5733	u3021
5734	u2923
5735	u2152
5736	u1801
5737	u2836
5738	u317
5739	u4622
5740	u5495
5741	u3803
5742	u276
5743	u3407
5744	u152
5745	u5030
5746	u2563
5747	u1993
5748	u5800
5749	u2516
5750	u2345
5751	u5381
5752	u1604
5753	u4698
5754	u3273
5755	u55
5756	u1351
5757	u364
5758	u4025
5759	u160
5760	u2799
5761	u1936
5762	u1429
5763	u723
5764	u5051
5765	u4758
5766	u141
5767	u5586
5768	u782
5769	u2893
5770	u3275
5771	u384
5772	u1719
5773	u1986
5774	u5863
5775	u2490
5776	u2399
5777	u607
5778	u1385
5779	u3725
5780	u1144
5781	u2543
5782	u3282
5783	u4019
5784	u1596
5785	u2373
5786	u3548
5787	u5409
5788	u3787
5789	u969
5790	u5804
5791	u815
5792	u1927
5793	u1991
5794	u827
5795	u1612
5796	u1914
5797	u448
5798	u3303
5799	u1929
5800	u1838
5801	u3918
5802	u1282
5803	u3181
5804	u3122
5805	u250
5806	u4394
5807	u14
5808	u1918
5809	u4008
5810	u1310
5811	u3330
5812	u2532
5813	u5062
5814	u951
5815	u2325
5816	u12
5817	u2647
5818	u5159
5819	u4421
5820	u2644
5821	u345
5822	u511
5823	u3739
5824	u708
5825	u841
5826	u4074
5827	u2336
5828	u5525
5829	u4304
5830	u5119
5831	u1456
5832	u1154
5833	u3633
5834	u1907
5835	u4325
5836	u3176
5837	u4943
5838	u1431
5839	u1621
5840	u3254
5841	u1730
5842	u1893
5843	u2707
5844	u4558
5845	u745
5846	u5904
5847	u3764
5848	u3939
5849	u395
5850	u3225
5851	u4935
5852	u1848
5853	u4614
5854	u1653
5855	u4755
5856	u3634
5857	u4270
5858	u4393
5859	u124
5860	u1674
5861	u98
5862	u4211
5863	u209
5864	u3915
5865	u3959
5866	u4597
5867	u226
5868	u2053
5869	u3244
5870	u5228
5871	u4230
5872	u158
5873	u47
5874	u3972
5875	u4154
5876	u3802
5877	u3421
5878	u3388
5879	u254
5880	u1493
5881	u5411
5882	u1573
5883	u2209
5884	u559
5885	u4398
5886	u2356
5887	u4209
5888	u356
5889	u1892
5890	u2234
5891	u1751
5892	u5883
5893	u1898
5894	u1453
5895	u1126
5896	u1664
5897	u1039
5898	u5280
5899	u5007
5900	u2339
5901	u153
5902	u902
5903	u2141
5904	u3642
5905	u703
5906	u4259
5907	u1070
5908	u5052
5909	u2133
5910	u318
5911	u4527
5912	u1783
5913	u2311
5914	u4145
5915	u665
5916	u1174
5917	u43
5918	u191
5919	u5168
5920	u2269
5921	u4677
5922	u1318
5923	u3287
5924	u6012
5925	u5215
5926	u2182
5927	u5400
5928	u197
5929	u775
5930	u574
5931	u4851
5932	u4110
5933	u2657
5934	u4871
5935	u4348
5936	u3495
5937	u5810
5938	u2385
5939	u4547
5940	u4178
5941	u942
5942	u3188
5943	u6038
5944	u94
5945	u1582
5946	u4228
5947	u5772
5948	u2755
5949	u4881
5950	u5258
5951	u600
5952	u5796
5953	u2673
5954	u2884
5955	u4419
5956	u3222
5957	u4244
5958	u3234
5959	u2422
5960	u3133
5961	u640
5962	u932
5963	u3376
5964	u900
5965	u527
5966	u5309
5967	u1813
5968	u4492
5969	u572
5970	u2613
5971	u5314
5972	u4900
5973	u4548
5974	u5012
5975	u5529
5976	u4703
5977	u2735
5978	u2930
5979	u2626
5980	u821
5981	u383
5982	u4038
5983	u5391
5984	u1864
5985	u3179
5986	u2582
5987	u5117
5988	u2111
5989	u5116
5990	u5465
5991	u4332
5992	u1406
5993	u3897
5994	u5967
5995	u1967
5996	u3570
5997	u3838
5998	u4068
5999	u5439
6000	u2440
6001	u653
6002	u4464
6003	u4775
6004	u5146
6005	u4365
6006	u1452
6007	u5899
6008	u5828
6009	u3552
6010	u1459
6011	u3877
6012	u2977
6013	u1844
6014	u1416
6015	u3883
6016	u3969
6017	u5216
6018	u4672
6019	u4413
6020	u2834
6021	u4192
6022	u4991
6023	u5145
6024	u3542
6025	u4749
6026	u2686
6027	u2502
6028	u2381
6029	u986
6030	u4880
6031	u833
6032	u4383
6033	u2819
6034	u2530
6035	u1250
6036	u1713
6037	u3325
6038	u2160
6039	u2488
6040	u1534
6041	u2061
6042	u1363
6043	u2037
6044	u1615
6045	u5027
6046	u4912
6047	u5380
6048	u1226
6049	u89
6050	u4628
6051	u2908
6052	u3291
6053	u5725
6054	u5174
6055	u4463
6056	u2584
6057	u1305